<?xml version="1.0"?>
<!DOCTYPE hibernate-mapping PUBLIC "-//Hibernate/Hibernate Mapping DTD 3.0//EN"
"http://hibernate.sourceforge.net/hibernate-mapping-3.0.dtd">
<!-- Generated 12/10/2007 19:48:10 by Hibernate Tools 3.2.0.b9 -->
<hibernate-mapping>
    <class name="Abm" table="abm" catalog="taller3">
        <comment></comment>
        <id name="ndoc" type="string">
            <column name="ndoc" length="8" />
            <generator class="assigned" />
        </id>
        <property name="nombre" type="string">
            <column name="nombre" length="30" not-null="true">
                <comment></comment>
            </column>
        </property>
        <property name="apellido" type="string">
            <column name="apellido" length="45" not-null="true">
                <comment></comment>
            </column>
        </property>
        <property name="tdoc" type="string">
            <column name="tdoc" length="3" not-null="true">
                <comment></comment>
            </column>
        </property>
        <property name="edad" type="int">
            <column name="edad" not-null="true">
                <comment></comment>
            </column>
        </property>
    </class>
</hibernate-mapping>
